Instance,QualityGap,SimToOpt,SimToOther
chr12a,-100.0105,0.1667,0.1103
chr12a,-100.0105,0.0833,0.1305
chr12a,-100.0105,0.1667,0.1103
chr12a,-100.0105,0.0000,0.0766
chr12a,-100.0105,0.0000,0.0800
chr12a,-100.0105,0.0000,0.1195
chr12a,-100.0105,0.0833,0.1145
chr12a,-100.0105,0.0000,0.0783
chr12a,-100.0105,0.6667,0.1591
chr12a,-100.0105,0.1667,0.1380
chr12a,-100.0105,0.0833,0.1010
chr12a,-100.0105,0.0000,0.1582
chr12a,-100.0105,0.0000,0.1423
chr12a,-100.0105,0.0000,0.1549
chr12a,-100.0105,0.1667,0.1338
chr12a,-100.0105,0.1667,0.1709
chr12a,-100.0105,0.0833,0.1153
chr12a,-100.0105,0.0833,0.0951
chr12a,-100.0105,0.0833,0.1178
chr12a,-100.0105,0.0000,0.1246
chr12a,-100.0105,0.1667,0.1709
chr12a,-100.0105,0.5000,0.1162
chr12a,-100.0105,0.0833,0.1355
chr12a,-100.0105,0.1667,0.1288
chr12a,-100.0105,0.1667,0.1279
chr12a,-100.0105,0.0833,0.1086
chr12a,-100.0105,0.0000,0.0934
chr12a,-100.0105,0.5000,0.1423
chr12a,-100.0105,0.0833,0.0934
chr12a,-100.0105,0.0833,0.1237
chr12a,-100.0105,0.1667,0.0968
chr12a,-100.0105,0.0000,0.1372
chr12a,-100.0105,0.0000,0.1296
chr12a,-100.0105,0.0833,0.0934
chr12a,-100.0105,0.0000,0.1019
chr12a,-100.0105,0.0000,0.1162
chr12a,-100.0105,0.0833,0.1221
chr12a,-100.0105,0.0000,0.1465
chr12a,-100.0105,0.0833,0.1120
chr12a,-100.0105,0.0000,0.1019
chr12a,-100.0105,0.4167,0.1271
chr12a,-100.0105,0.1667,0.1094
chr12a,-100.0105,0.3333,0.1010
chr12a,-100.0105,0.0000,0.1549
chr12a,-100.0105,0.0000,0.1431
chr12a,-100.0105,0.3333,0.1364
chr12a,-100.0105,0.1667,0.1035
chr12a,-100.0105,0.0000,0.0993
chr12a,-100.0105,0.0000,0.1633
chr12a,-100.0105,0.1667,0.1465
chr12a,-100.0105,0.0000,0.1170
chr12a,-100.0105,0.1667,0.0842
chr12a,-100.0105,0.0000,0.1507
chr12a,-100.0105,0.0000,0.1667
chr12a,-100.0105,0.6667,0.1338
chr12a,-100.0105,0.0000,0.1372
chr12a,-100.0105,0.0000,0.1423
chr12a,-100.0105,0.2500,0.1178
chr12a,-100.0105,0.0000,0.1582
chr12a,-100.0105,0.0000,0.0918
chr12a,-100.0105,0.2500,0.1178
chr12a,-100.0105,0.1667,0.0850
chr12a,-100.0105,0.3333,0.1221
chr12a,-100.0105,0.0000,0.1254
chr12a,-100.0105,0.0000,0.1448
chr12a,-100.0105,0.0000,0.0909
chr12a,-100.0105,0.1667,0.1035
chr12a,-100.0105,0.3333,0.1397
chr12a,-100.0105,1.0000,0.1271
chr12a,-100.0105,0.0833,0.1700
chr12a,-100.0105,0.3333,0.1481
chr12a,-100.0105,0.3333,0.1566
chr12a,-100.0105,0.0833,0.1305
chr12a,-100.0105,0.0000,0.1465
chr12a,-100.0105,0.3333,0.1195
chr12a,-100.0105,0.3333,0.1279
chr12a,-100.0105,0.0000,0.1120
chr12a,-100.0105,0.3333,0.1364
chr12a,-100.0105,0.0000,0.1456
chr12a,-100.0105,0.0833,0.0867
chr12a,-100.0105,0.0000,0.1162
chr12a,-100.0105,0.0000,0.1128
chr12a,-100.0105,0.2500,0.0976
chr12a,-100.0105,0.3333,0.1061
chr12a,-100.0105,0.2500,0.1077
chr12a,-100.0105,0.0833,0.1237
chr12a,-100.0105,0.5000,0.1288
chr12a,-100.0105,0.0000,0.1347
chr12a,-100.0105,0.0833,0.1195
chr12a,-100.0105,0.0833,0.1364
chr12a,-100.0105,0.0833,0.0960
chr12a,-100.0105,0.0000,0.1582
chr12a,-100.0105,0.0833,0.1414
chr12a,-100.0105,0.3333,0.1397
chr12a,-100.0105,0.0000,0.0741
chr12a,-100.0105,0.0833,0.1019
chr12a,-100.0105,0.1667,0.1709
chr12a,-100.0105,0.0833,0.0825
chr12a,-100.0105,0.0000,0.1448
chr12a,-100.0105,0.0833,0.0976
chr15a,-100.0101,0.0000,0.0835
chr15a,-100.0101,0.0000,0.0929
chr15a,-100.0101,0.0667,0.0943
chr15a,-100.0101,0.1333,0.0815
chr15a,-100.0101,0.0667,0.1185
chr15a,-100.0101,0.2667,0.0997
chr15a,-100.0101,0.0667,0.1125
chr15a,-100.0101,0.0667,0.1118
chr15a,-100.0101,0.1333,0.1232
chr15a,-100.0101,0.5333,0.0997
chr15a,-100.0101,0.0667,0.0909
chr15a,-100.0101,0.0000,0.0956
chr15a,-100.0101,0.0667,0.1024
chr15a,-100.0101,0.0667,0.0640
chr15a,-100.0101,0.2667,0.1003
chr15a,-100.0101,0.0000,0.0774
chr15a,-100.0101,0.0000,0.0976
chr15a,-100.0101,0.0000,0.0875
chr15a,-100.0101,0.0667,0.0747
chr15a,-100.0101,0.2000,0.1111
chr15a,-100.0101,0.1333,0.1138
chr15a,-100.0101,0.1333,0.0902
chr15a,-100.0101,0.2667,0.1057
chr15a,-100.0101,0.3333,0.1051
chr15a,-100.0101,0.0667,0.1098
chr15a,-100.0101,0.2667,0.1300
chr15a,-100.0101,0.0000,0.0923
chr15a,-100.0101,0.1333,0.1064
chr15a,-100.0101,0.0667,0.0929
chr15a,-100.0101,0.0667,0.1003
chr15a,-100.0101,0.0000,0.1145
chr15a,-100.0101,0.2667,0.1051
chr15a,-100.0101,0.0667,0.1111
chr15a,-100.0101,0.0667,0.0923
chr15a,-100.0101,0.0667,0.1071
chr15a,-100.0101,0.1333,0.1259
chr15a,-100.0101,0.1333,0.1165
chr15a,-100.0101,0.0667,0.1138
chr15a,-100.0101,0.0667,0.0929
chr15a,-100.0101,0.0000,0.0956
chr15a,-100.0101,0.0667,0.0842
chr15a,-100.0101,0.1333,0.1192
chr15a,-100.0101,0.0667,0.1118
chr15a,-100.0101,0.2000,0.0620
chr15a,-100.0101,0.0667,0.1037
chr15a,-100.0101,0.2000,0.1178
chr15a,-100.0101,0.0667,0.0909
chr15a,-100.0101,0.1333,0.0970
chr15a,-100.0101,0.0000,0.1091
chr15a,-100.0101,0.0667,0.1266
chr15a,-100.0101,0.2000,0.1064
chr15a,-100.0101,0.1333,0.0936
chr15a,-100.0101,0.1333,0.1165
chr15a,-100.0101,0.0000,0.0855
chr15a,-100.0101,0.0667,0.0997
chr15a,-100.0101,0.0000,0.0882
chr15a,-100.0101,0.2000,0.1125
chr15a,-100.0101,0.0000,0.0949
chr15a,-100.0101,0.1333,0.1118
chr15a,-100.0101,0.0000,0.0936
chr15a,-100.0101,0.2000,0.1152
chr15a,-100.0101,0.0000,0.0613
chr15a,-100.0101,0.2000,0.0835
chr15a,-100.0101,0.0667,0.1077
chr15a,-100.0101,0.0000,0.0875
chr15a,-100.0101,0.0667,0.1354
chr15a,-100.0101,0.0000,0.0990
chr15a,-100.0101,0.2000,0.1091
chr15a,-100.0101,0.0667,0.0929
chr15a,-100.0101,0.0000,0.0774
chr15a,-100.0101,0.0667,0.1091
chr15a,-100.0101,0.2667,0.0943
chr15a,-100.0101,0.0000,0.1165
chr15a,-100.0101,0.2000,0.0747
chr15a,-100.0101,0.0667,0.0882
chr15a,-100.0101,0.0000,0.0875
chr15a,-100.0101,0.2000,0.1057
chr15a,-100.0101,0.0667,0.0990
chr15a,-100.0101,0.1333,0.1091
chr15a,-100.0101,0.1333,0.1246
chr15a,-100.0101,0.0000,0.1219
chr15a,-100.0101,0.2667,0.1131
chr15a,-100.0101,0.2000,0.0929
chr15a,-100.0101,0.0000,0.1030
chr15a,-100.0101,0.1333,0.1003
chr15a,-100.0101,0.0000,0.1118
chr15a,-100.0101,0.2000,0.1071
chr15a,-100.0101,0.1333,0.0761
chr15a,-100.0101,0.4000,0.0943
chr15a,-100.0101,0.1333,0.1273
chr15a,-100.0101,0.0667,0.1064
chr15a,-100.0101,0.1333,0.0653
chr15a,-100.0101,0.1333,0.0990
chr15a,-100.0101,0.2667,0.0990
chr15a,-100.0101,0.0667,0.0943
chr15a,-100.0101,0.1333,0.0902
chr15a,-100.0101,0.0667,0.1145
chr15a,-100.0101,0.0667,0.0754
chr15a,-100.0101,0.1333,0.1030
chr15a,-100.0101,0.0667,0.1226
nug12,-100.1730,0.0000,0.1271
nug12,-100.1730,0.4167,0.1338
nug12,-100.1730,0.1667,0.1507
nug12,-100.1730,0.1667,0.0800
nug12,-100.1730,0.0833,0.1507
nug12,-100.1730,0.0000,0.1145
nug12,-100.1730,0.0000,0.1061
nug12,-100.1730,0.1667,0.0791
nug12,-100.1730,0.0833,0.1002
nug12,-100.1730,0.0833,0.1086
nug12,-100.1730,0.0833,0.0985
nug12,-100.1730,0.0833,0.1423
nug12,-100.1730,0.0000,0.1380
nug12,-100.1730,0.1667,0.1431
nug12,-100.1730,0.3333,0.1187
nug12,-100.1730,0.0833,0.0690
nug12,-100.1730,0.0000,0.0766
nug12,-100.1730,0.0000,0.1397
nug12,-100.1730,0.0000,0.0816
nug12,-100.1730,0.0000,0.1380
nug12,-100.1730,0.0833,0.1111
nug12,-100.1730,0.1667,0.1111
nug12,-100.1730,0.0833,0.0892
nug12,-100.1730,0.0833,0.1086
nug12,-100.1730,0.0000,0.0976
nug12,-100.1730,0.1667,0.1540
nug12,-100.1730,0.0000,0.1423
nug12,-100.1730,0.0833,0.1465
nug12,-100.1730,0.0000,0.0808
nug12,-100.1730,0.2500,0.0850
nug12,-100.1730,1.0000,0.1111
nug12,-100.1730,0.0833,0.1187
nug12,-100.1730,0.0000,0.1524
nug12,-100.1730,0.0833,0.1178
nug12,-100.1730,0.3333,0.1086
nug12,-100.1730,0.0000,0.1498
nug12,-100.1730,0.0833,0.0606
nug12,-100.1730,0.2500,0.1187
nug12,-100.1730,0.0833,0.1414
nug12,-100.1730,0.0833,0.1128
nug12,-100.1730,0.0000,0.0918
nug12,-100.1730,0.0833,0.1414
nug12,-100.1730,0.0000,0.1077
nug12,-100.1730,0.1667,0.1557
nug12,-100.1730,0.0833,0.1490
nug12,-100.1730,0.2500,0.1406
nug12,-100.1730,0.1667,0.1540
nug12,-100.1730,0.2500,0.0850
nug12,-100.1730,0.1667,0.1061
nug12,-100.1730,0.1667,0.1414
nug12,-100.1730,0.0833,0.0791
nug12,-100.1730,0.1667,0.1279
nug12,-100.1730,0.0833,0.1254
nug12,-100.1730,0.0833,0.0909
nug12,-100.1730,0.0000,0.0741
nug12,-100.1730,0.0000,0.1229
nug12,-100.1730,0.1667,0.1111
nug12,-100.1730,0.3333,0.1162
nug12,-100.1730,0.3333,0.1296
nug12,-100.1730,0.1667,0.1557
nug12,-100.1730,0.3333,0.1035
nug12,-100.1730,0.0000,0.1465
nug12,-100.1730,0.0833,0.1507
nug12,-100.1730,0.0833,0.1313
nug12,-100.1730,0.1667,0.1254
nug12,-100.1730,0.3333,0.1136
nug12,-100.1730,0.0000,0.0993
nug12,-100.1730,0.1667,0.1061
nug12,-100.1730,0.0000,0.0724
nug12,-100.1730,0.0000,0.1414
nug12,-100.1730,0.0833,0.0741
nug12,-100.1730,0.0000,0.1010
nug12,-100.1730,0.0833,0.1237
nug12,-100.1730,0.0833,0.0623
nug12,-100.1730,0.1667,0.1035
nug12,-100.1730,0.0000,0.1271
nug12,-100.1730,0.0833,0.1229
nug12,-100.1730,0.0000,0.1515
nug12,-100.1730,0.0833,0.1279
nug12,-100.1730,0.1667,0.0909
nug12,-100.1730,0.0000,0.1540
nug12,-100.1730,0.0000,0.0581
nug12,-100.1730,0.1667,0.1237
nug12,-100.1730,0.0833,0.1229
nug12,-100.1730,0.1667,0.0800
nug12,-100.1730,0.0000,0.1380
nug12,-100.1730,0.1667,0.0766
nug12,-100.1730,0.1667,0.1221
nug12,-100.1730,0.0833,0.1507
nug12,-100.1730,0.0833,0.1313
nug12,-100.1730,0.0833,0.1507
nug12,-100.1730,0.1667,0.1364
nug12,-100.1730,0.0833,0.1254
nug12,-100.1730,0.5000,0.1170
nug12,-100.1730,0.1667,0.1364
nug12,-100.1730,0.0833,0.1035
nug12,-100.1730,0.0833,0.1574
nug12,-100.1730,0.0833,0.0715
nug12,-100.1730,0.0000,0.1153
nug12,-100.1730,0.3333,0.1136
nug15,-100.0870,0.0000,0.1239
nug15,-100.0870,0.0000,0.0956
nug15,-100.0870,0.1333,0.0882
nug15,-100.0870,0.0000,0.0889
nug15,-100.0870,0.1333,0.0714
nug15,-100.0870,0.0667,0.1205
nug15,-100.0870,0.0667,0.0916
nug15,-100.0870,0.0000,0.0808
nug15,-100.0870,0.0667,0.1111
nug15,-100.0870,0.0000,0.1239
nug15,-100.0870,0.0000,0.0923
nug15,-100.0870,0.2000,0.0889
nug15,-100.0870,0.1333,0.0983
nug15,-100.0870,0.0000,0.1131
nug15,-100.0870,0.0000,0.0721
nug15,-100.0870,0.0667,0.1077
nug15,-100.0870,0.2000,0.0795
nug15,-100.0870,0.2000,0.1044
nug15,-100.0870,0.0000,0.0727
nug15,-100.0870,0.0000,0.0734
nug15,-100.0870,0.0000,0.0869
nug15,-100.0870,0.0667,0.1064
nug15,-100.0870,0.0000,0.0956
nug15,-100.0870,0.1333,0.1279
nug15,-100.0870,0.0667,0.0842
nug15,-100.0870,0.0667,0.1037
nug15,-100.0870,0.0000,0.0660
nug15,-100.0870,0.0000,0.0700
nug15,-100.0870,0.0000,0.0741
nug15,-100.0870,0.0667,0.0916
nug15,-100.0870,0.2000,0.0923
nug15,-100.0870,0.1333,0.1158
nug15,-100.0870,0.0667,0.0606
nug15,-100.0870,0.1333,0.0754
nug15,-100.0870,0.0667,0.0788
nug15,-100.0870,0.0000,0.0734
nug15,-100.0870,0.0000,0.0983
nug15,-100.0870,0.1333,0.1084
nug15,-100.0870,0.0000,0.0889
nug15,-100.0870,0.0000,0.0916
nug15,-100.0870,0.0667,0.1475
nug15,-100.0870,1.0000,0.0929
nug15,-100.0870,0.2000,0.0943
nug15,-100.0870,0.2667,0.1226
nug15,-100.0870,0.1333,0.0943
nug15,-100.0870,0.1333,0.0593
nug15,-100.0870,0.0667,0.0956
nug15,-100.0870,0.0667,0.0976
nug15,-100.0870,0.0667,0.1192
nug15,-100.0870,0.0000,0.1098
nug15,-100.0870,0.0667,0.0613
nug15,-100.0870,0.0667,0.0822
nug15,-100.0870,0.0667,0.0848
nug15,-100.0870,0.0667,0.0754
nug15,-100.0870,0.0000,0.1125
nug15,-100.0870,0.0000,0.0869
nug15,-100.0870,0.2667,0.0815
nug15,-100.0870,0.0667,0.0929
nug15,-100.0870,0.0667,0.0909
nug15,-100.0870,0.0667,0.1017
nug15,-100.0870,0.0000,0.0761
nug15,-100.0870,0.0667,0.1286
nug15,-100.0870,0.0667,0.1199
nug15,-100.0870,0.0667,0.1037
nug15,-100.0870,0.0000,0.1024
nug15,-100.0870,0.0667,0.1219
nug15,-100.0870,0.6000,0.0795
nug15,-100.0870,0.0667,0.0956
nug15,-100.0870,0.0000,0.1017
nug15,-100.0870,0.1333,0.1199
nug15,-100.0870,0.2000,0.1192
nug15,-100.0870,0.0000,0.0943
nug15,-100.0870,0.4000,0.1044
nug15,-100.0870,0.0667,0.0768
nug15,-100.0870,0.0667,0.1091
nug15,-100.0870,0.1333,0.0976
nug15,-100.0870,0.0667,0.0929
nug15,-100.0870,0.3333,0.1024
nug15,-100.0870,0.1333,0.0963
nug15,-100.0870,0.0667,0.1111
nug15,-100.0870,0.1333,0.1165
nug15,-100.0870,0.0667,0.0781
nug15,-100.0870,0.0000,0.1152
nug15,-100.0870,0.0667,0.1077
nug15,-100.0870,0.4000,0.0990
nug15,-100.0870,0.2000,0.0889
nug15,-100.0870,0.6000,0.0795
nug15,-100.0870,0.1333,0.0801
nug15,-100.0870,0.2000,0.1024
nug15,-100.0870,0.0667,0.0653
nug15,-100.0870,0.0000,0.0882
nug15,-100.0870,0.2000,0.0997
nug15,-100.0870,0.1333,0.0929
nug15,-100.0870,0.0000,0.1051
nug15,-100.0870,0.0667,0.1401
nug15,-100.0870,0.0000,0.1219
nug15,-100.0870,0.0667,0.1064
nug15,-100.0870,0.0667,0.0788
nug15,-100.0870,0.1333,0.1205
nug15,-100.0870,0.0000,0.1111
tai64c,-100.0001,0.0156,0.0178
tai64c,-100.0001,0.0156,0.0142
tai64c,-100.0001,0.0312,0.0148
tai64c,-100.0001,0.0000,0.0147
tai64c,-100.0001,0.0000,0.0159
tai64c,-100.0001,0.0156,0.0163
tai64c,-100.0001,0.0156,0.0145
tai64c,-100.0001,0.0000,0.0147
tai64c,-100.0001,0.0000,0.0166
tai64c,-100.0001,0.0469,0.0137
tai64c,-100.0001,0.0156,0.0163
tai64c,-100.0001,0.0000,0.0129
tai64c,-100.0001,0.0156,0.0175
tai64c,-100.0001,0.0000,0.0148
tai64c,-100.0001,0.0156,0.0169
tai64c,-100.0001,0.0156,0.0147
tai64c,-100.0001,0.0156,0.0164
tai64c,-100.0001,0.0000,0.0129
tai64c,-100.0001,0.0312,0.0136
tai64c,-100.0001,0.0156,0.0145
tai64c,-100.0001,0.0156,0.0169
tai64c,-100.0001,0.0156,0.0122
tai64c,-100.0001,0.0156,0.0180
tai64c,-100.0001,0.0000,0.0182
tai64c,-100.0001,0.0312,0.0140
tai64c,-100.0001,0.0156,0.0148
tai64c,-100.0001,0.0312,0.0155
tai64c,-100.0001,0.0000,0.0140
tai64c,-100.0001,0.0000,0.0155
tai64c,-100.0001,0.0000,0.0172
tai64c,-100.0001,0.0312,0.0182
tai64c,-100.0001,0.0156,0.0167
tai64c,-100.0001,0.0000,0.0207
tai64c,-100.0001,0.0000,0.0166
tai64c,-100.0001,0.0000,0.0152
tai64c,-100.0001,0.0156,0.0140
tai64c,-100.0001,0.0000,0.0150
tai64c,-100.0001,0.0469,0.0172
tai64c,-100.0001,0.0000,0.0163
tai64c,-100.0001,0.0000,0.0150
tai64c,-100.0001,0.0156,0.0167
tai64c,-100.0001,0.0312,0.0169
tai64c,-100.0001,0.0000,0.0158
tai64c,-100.0001,0.0000,0.0153
tai64c,-100.0001,0.0000,0.0156
tai64c,-100.0001,0.0469,0.0115
tai64c,-100.0001,0.0000,0.0178
tai64c,-100.0001,0.0000,0.0150
tai64c,-100.0001,0.0469,0.0150
tai64c,-100.0001,0.0000,0.0153
tai64c,-100.0001,0.0312,0.0114
tai64c,-100.0001,0.0000,0.0163
tai64c,-100.0001,0.0312,0.0163
tai64c,-100.0001,0.0156,0.0185
tai64c,-100.0001,0.0156,0.0166
tai64c,-100.0001,0.0156,0.0150
tai64c,-100.0001,0.0000,0.0174
tai64c,-100.0001,0.0781,0.0183
tai64c,-100.0001,0.0000,0.0118
tai64c,-100.0001,0.0312,0.0158
tai64c,-100.0001,0.0469,0.0136
tai64c,-100.0001,0.0625,0.0175
tai64c,-100.0001,0.0156,0.0164
tai64c,-100.0001,0.0312,0.0145
tai64c,-100.0001,0.0156,0.0125
tai64c,-100.0001,0.0312,0.0145
tai64c,-100.0001,0.0156,0.0156
tai64c,-100.0001,0.0000,0.0167
tai64c,-100.0001,0.0000,0.0139
tai64c,-100.0001,0.0000,0.0123
tai64c,-100.0001,0.0000,0.0159
tai64c,-100.0001,0.0000,0.0167
tai64c,-100.0001,0.0156,0.0133
tai64c,-100.0001,0.0156,0.0170
tai64c,-100.0001,0.0000,0.0153
tai64c,-100.0001,0.0625,0.0142
tai64c,-100.0001,0.0000,0.0172
tai64c,-100.0001,0.0000,0.0186
tai64c,-100.0001,0.0000,0.0148
tai64c,-100.0001,0.0156,0.0161
tai64c,-100.0001,0.0000,0.0164
tai64c,-100.0001,0.0000,0.0177
tai64c,-100.0001,0.0312,0.0189
tai64c,-100.0001,0.0469,0.0159
tai64c,-100.0001,0.0000,0.0147
tai64c,-100.0001,0.0000,0.0153
tai64c,-100.0001,0.0156,0.0161
tai64c,-100.0001,0.0156,0.0152
tai64c,-100.0001,0.0156,0.0139
tai64c,-100.0001,0.0000,0.0158
tai64c,-100.0001,0.0469,0.0186
tai64c,-100.0001,0.0000,0.0158
tai64c,-100.0001,0.0156,0.0145
tai64c,-100.0001,0.0312,0.0131
tai64c,-100.0001,0.0156,0.0147
tai64c,-100.0001,0.0156,0.0150
tai64c,-100.0001,0.0000,0.0155
tai64c,-100.0001,0.0312,0.0145
tai64c,-100.0001,0.0312,0.0167
tai64c,-100.0001,0.0000,0.0150
tai12a,-100.0004,0.0833,0.1473
tai12a,-100.0004,0.0000,0.1347
tai12a,-100.0004,0.3333,0.1380
tai12a,-100.0004,0.0833,0.1145
tai12a,-100.0004,0.0833,0.1717
tai12a,-100.0004,0.0833,0.0901
tai12a,-100.0004,0.0833,0.1557
tai12a,-100.0004,0.0833,0.1094
tai12a,-100.0004,0.1667,0.0926
tai12a,-100.0004,0.0833,0.0909
tai12a,-100.0004,0.0833,0.1423
tai12a,-100.0004,0.1667,0.0901
tai12a,-100.0004,0.0833,0.1742
tai12a,-100.0004,0.1667,0.1498
tai12a,-100.0004,0.2500,0.1145
tai12a,-100.0004,0.3333,0.1591
tai12a,-100.0004,0.0833,0.1692
tai12a,-100.0004,0.0833,0.0800
tai12a,-100.0004,0.0000,0.0859
tai12a,-100.0004,0.0000,0.1481
tai12a,-100.0004,0.0833,0.0842
tai12a,-100.0004,0.1667,0.1305
tai12a,-100.0004,0.2500,0.1170
tai12a,-100.0004,0.1667,0.0976
tai12a,-100.0004,0.1667,0.1322
tai12a,-100.0004,0.1667,0.0850
tai12a,-100.0004,0.0833,0.1414
tai12a,-100.0004,0.0000,0.1094
tai12a,-100.0004,0.0000,0.0783
tai12a,-100.0004,0.0000,0.1305
tai12a,-100.0004,0.0833,0.1263
tai12a,-100.0004,0.0833,0.1557
tai12a,-100.0004,0.0833,0.1086
tai12a,-100.0004,0.2500,0.1330
tai12a,-100.0004,0.2500,0.0926
tai12a,-100.0004,0.5000,0.1490
tai12a,-100.0004,0.0000,0.1608
tai12a,-100.0004,0.0833,0.1330
tai12a,-100.0004,0.0833,0.1608
tai12a,-100.0004,0.4167,0.1246
tai12a,-100.0004,0.1667,0.1145
tai12a,-100.0004,0.0833,0.1187
tai12a,-100.0004,1.0000,0.1574
tai12a,-100.0004,0.0833,0.1170
tai12a,-100.0004,0.3333,0.1498
tai12a,-100.0004,0.1667,0.1187
tai12a,-100.0004,0.0000,0.1338
tai12a,-100.0004,0.5000,0.1490
tai12a,-100.0004,0.0000,0.1481
tai12a,-100.0004,0.1667,0.0892
tai12a,-100.0004,0.0833,0.1473
tai12a,-100.0004,0.2500,0.1364
tai12a,-100.0004,0.4167,0.1296
tai12a,-100.0004,0.4167,0.1448
tai12a,-100.0004,0.1667,0.0825
tai12a,-100.0004,0.3333,0.1456
tai12a,-100.0004,0.0000,0.1608
tai12a,-100.0004,0.2500,0.1027
tai12a,-100.0004,0.1667,0.1389
tai12a,-100.0004,0.0833,0.0715
tai12a,-100.0004,0.0833,0.1162
tai12a,-100.0004,0.1667,0.0909
tai12a,-100.0004,0.0000,0.0699
tai12a,-100.0004,0.1667,0.0960
tai12a,-100.0004,0.0000,0.1010
tai12a,-100.0004,0.0000,0.1439
tai12a,-100.0004,0.0833,0.1599
tai12a,-100.0004,0.2500,0.1582
tai12a,-100.0004,0.5000,0.1490
tai12a,-100.0004,0.0000,0.0960
tai12a,-100.0004,0.2500,0.1364
tai12a,-100.0004,0.5000,0.1305
tai12a,-100.0004,0.1667,0.1086
tai12a,-100.0004,0.1667,0.1237
tai12a,-100.0004,0.0000,0.1675
tai12a,-100.0004,0.0833,0.1338
tai12a,-100.0004,0.2500,0.1364
tai12a,-100.0004,0.3333,0.1322
tai12a,-100.0004,0.5000,0.1279
tai12a,-100.0004,0.0000,0.1355
tai12a,-100.0004,0.1667,0.1742
tai12a,-100.0004,0.0833,0.1389
tai12a,-100.0004,0.0833,0.1397
tai12a,-100.0004,0.5000,0.1481
tai12a,-100.0004,0.0833,0.0774
tai12a,-100.0004,0.0833,0.0943
tai12a,-100.0004,0.0000,0.1465
tai12a,-100.0004,0.0833,0.1481
tai12a,-100.0004,0.2500,0.1254
tai12a,-100.0004,0.0833,0.1229
tai12a,-100.0004,0.0000,0.0859
tai12a,-100.0004,0.0000,0.1305
tai12a,-100.0004,0.2500,0.1094
tai12a,-100.0004,0.1667,0.1515
tai12a,-100.0004,0.3333,0.1372
tai12a,-100.0004,0.0833,0.1540
tai12a,-100.0004,0.0000,0.0564
tai12a,-100.0004,0.0833,0.1389
tai12a,-100.0004,0.6667,0.1372
tai12a,-100.0004,0.1667,0.1414
tai20a,-100.0001,0.1000,0.0616
tai20a,-100.0001,0.1500,0.0485
tai20a,-100.0001,0.0500,0.0556
tai20a,-100.0001,0.0000,0.0525
tai20a,-100.0001,0.0000,0.0535
tai20a,-100.0001,0.1000,0.0581
tai20a,-100.0001,0.0000,0.0444
tai20a,-100.0001,0.0500,0.0631
tai20a,-100.0001,0.1000,0.0566
tai20a,-100.0001,0.0500,0.0687
tai20a,-100.0001,0.1000,0.0490
tai20a,-100.0001,0.0000,0.0556
tai20a,-100.0001,0.0500,0.0490
tai20a,-100.0001,0.0000,0.0652
tai20a,-100.0001,0.0000,0.0631
tai20a,-100.0001,0.0500,0.0591
tai20a,-100.0001,0.0500,0.0652
tai20a,-100.0001,0.1500,0.0601
tai20a,-100.0001,0.0500,0.0667
tai20a,-100.0001,0.1000,0.0505
tai20a,-100.0001,0.0500,0.0581
tai20a,-100.0001,0.0000,0.0551
tai20a,-100.0001,0.1000,0.0480
tai20a,-100.0001,0.2000,0.0596
tai20a,-100.0001,0.0500,0.0540
tai20a,-100.0001,0.0000,0.0429
tai20a,-100.0001,0.1000,0.0576
tai20a,-100.0001,0.1000,0.0631
tai20a,-100.0001,0.0500,0.0571
tai20a,-100.0001,0.0000,0.0470
tai20a,-100.0001,0.0500,0.0677
tai20a,-100.0001,0.1000,0.0525
tai20a,-100.0001,0.0000,0.0616
tai20a,-100.0001,0.0500,0.0520
tai20a,-100.0001,0.0500,0.0576
tai20a,-100.0001,0.1000,0.0525
tai20a,-100.0001,0.1500,0.0657
tai20a,-100.0001,0.1000,0.0621
tai20a,-100.0001,0.0000,0.0566
tai20a,-100.0001,0.1000,0.0657
tai20a,-100.0001,0.1000,0.0449
tai20a,-100.0001,0.0000,0.0591
tai20a,-100.0001,0.0500,0.0581
tai20a,-100.0001,0.0500,0.0495
tai20a,-100.0001,0.0000,0.0641
tai20a,-100.0001,0.0000,0.0616
tai20a,-100.0001,0.0000,0.0414
tai20a,-100.0001,0.1000,0.0545
tai20a,-100.0001,0.0500,0.0505
tai20a,-100.0001,0.1000,0.0652
tai20a,-100.0001,0.0000,0.0535
tai20a,-100.0001,0.0000,0.0535
tai20a,-100.0001,0.2000,0.0520
tai20a,-100.0001,0.3000,0.0626
tai20a,-100.0001,0.0500,0.0646
tai20a,-100.0001,0.0000,0.0591
tai20a,-100.0001,0.0500,0.0576
tai20a,-100.0001,0.0000,0.0551
tai20a,-100.0001,0.1000,0.0646
tai20a,-100.0001,0.0000,0.0773
tai20a,-100.0001,0.1000,0.0424
tai20a,-100.0001,0.0500,0.0606
tai20a,-100.0001,0.1500,0.0692
tai20a,-100.0001,0.0000,0.0444
tai20a,-100.0001,0.0000,0.0490
tai20a,-100.0001,0.0500,0.0545
tai20a,-100.0001,0.0500,0.0475
tai20a,-100.0001,0.2000,0.0581
tai20a,-100.0001,0.1000,0.0399
tai20a,-100.0001,0.0500,0.0561
tai20a,-100.0001,0.0000,0.0586
tai20a,-100.0001,0.1000,0.0596
tai20a,-100.0001,0.0500,0.0667
tai20a,-100.0001,0.0000,0.0525
tai20a,-100.0001,0.0000,0.0510
tai20a,-100.0001,0.0000,0.0500
tai20a,-100.0001,0.0500,0.0601
tai20a,-100.0001,0.1500,0.0520
tai20a,-100.0001,0.1000,0.0687
tai20a,-100.0001,0.1000,0.0540
tai20a,-100.0001,0.1000,0.0561
tai20a,-100.0001,0.1000,0.0581
tai20a,-100.0001,0.0500,0.0581
tai20a,-100.0001,0.0000,0.0581
tai20a,-100.0001,0.0500,0.0672
tai20a,-100.0001,0.0000,0.0621
tai20a,-100.0001,0.0000,0.0545
tai20a,-100.0001,0.1000,0.0606
tai20a,-100.0001,0.0500,0.0551
tai20a,-100.0001,0.0500,0.0672
tai20a,-100.0001,0.0500,0.0707
tai20a,-100.0001,0.1000,0.0571
tai20a,-100.0001,0.0500,0.0510
tai20a,-100.0001,0.0000,0.0631
tai20a,-100.0001,0.0500,0.0707
tai20a,-100.0001,0.0000,0.0470
tai20a,-100.0001,0.0500,0.0576
tai20a,-100.0001,0.0500,0.0712
tai20a,-100.0001,0.0000,0.0737
tai20a,-100.0001,0.0000,0.0601
tai256c,-100.0000,0.0039,0.0044
tai256c,-100.0000,0.0039,0.0047
tai256c,-100.0000,0.0078,0.0038
tai256c,-100.0000,0.0000,0.0049
tai256c,-100.0000,0.0000,0.0036
tai256c,-100.0000,0.0039,0.0040
tai256c,-100.0000,0.0039,0.0041
tai256c,-100.0000,0.0039,0.0038
tai256c,-100.0000,0.0039,0.0036
tai256c,-100.0000,0.0039,0.0042
tai256c,-100.0000,0.0000,0.0040
tai256c,-100.0000,0.0000,0.0041
tai256c,-100.0000,0.0000,0.0038
tai256c,-100.0000,0.0039,0.0037
tai256c,-100.0000,0.0039,0.0044
tai256c,-100.0000,0.0039,0.0038
tai256c,-100.0000,0.0000,0.0032
tai256c,-100.0000,0.0078,0.0038
tai256c,-100.0000,0.0117,0.0039
tai256c,-100.0000,0.0078,0.0032
tai256c,-100.0000,0.0117,0.0038
tai256c,-100.0000,0.0078,0.0045
tai256c,-100.0000,0.0000,0.0033
tai256c,-100.0000,0.0039,0.0037
tai256c,-100.0000,0.0000,0.0039
tai256c,-100.0000,0.0000,0.0033
tai256c,-100.0000,0.0039,0.0043
tai256c,-100.0000,0.0000,0.0038
tai256c,-100.0000,0.0039,0.0038
tai256c,-100.0000,0.0039,0.0034
tai256c,-100.0000,0.0039,0.0036
tai256c,-100.0000,0.0078,0.0047
tai256c,-100.0000,0.0117,0.0034
tai256c,-100.0000,0.0039,0.0045
tai256c,-100.0000,0.0000,0.0041
tai256c,-100.0000,0.0039,0.0046
tai256c,-100.0000,0.0000,0.0038
tai256c,-100.0000,0.0039,0.0039
tai256c,-100.0000,0.0039,0.0032
tai256c,-100.0000,0.0039,0.0042
tai256c,-100.0000,0.0000,0.0036
tai256c,-100.0000,0.0000,0.0045
tai256c,-100.0000,0.0000,0.0042
tai256c,-100.0000,0.0039,0.0032
tai256c,-100.0000,0.0039,0.0040
tai256c,-100.0000,0.0117,0.0033
tai256c,-100.0000,0.0039,0.0039
tai256c,-100.0000,0.0117,0.0039
tai256c,-100.0000,0.0000,0.0038
tai256c,-100.0000,0.0078,0.0036
tai256c,-100.0000,0.0039,0.0048
tai256c,-100.0000,0.0000,0.0041
tai256c,-100.0000,0.0039,0.0041
tai256c,-100.0000,0.0039,0.0027
tai256c,-100.0000,0.0000,0.0038
tai256c,-100.0000,0.0000,0.0036
tai256c,-100.0000,0.0078,0.0041
tai256c,-100.0000,0.0078,0.0031
tai256c,-100.0000,0.0117,0.0035
tai256c,-100.0000,0.0039,0.0036
tai256c,-100.0000,0.0000,0.0039
tai256c,-100.0000,0.0078,0.0039
tai256c,-100.0000,0.0000,0.0038
tai256c,-100.0000,0.0000,0.0038
tai256c,-100.0000,0.0000,0.0042
tai256c,-100.0000,0.0039,0.0039
tai256c,-100.0000,0.0000,0.0039
tai256c,-100.0000,0.0078,0.0042
tai256c,-100.0000,0.0000,0.0035
tai256c,-100.0000,0.0000,0.0047
tai256c,-100.0000,0.0039,0.0035
tai256c,-100.0000,0.0078,0.0041
tai256c,-100.0000,0.0039,0.0038
tai256c,-100.0000,0.0078,0.0040
tai256c,-100.0000,0.0000,0.0032
tai256c,-100.0000,0.0000,0.0034
tai256c,-100.0000,0.0000,0.0040
tai256c,-100.0000,0.0000,0.0041
tai256c,-100.0000,0.0039,0.0043
tai256c,-100.0000,0.0195,0.0034
tai256c,-100.0000,0.0000,0.0039
tai256c,-100.0000,0.0000,0.0034
tai256c,-100.0000,0.0117,0.0038
tai256c,-100.0000,0.0000,0.0032
tai256c,-100.0000,0.0000,0.0033
tai256c,-100.0000,0.0078,0.0037
tai256c,-100.0000,0.0039,0.0041
tai256c,-100.0000,0.0039,0.0033
tai256c,-100.0000,0.0000,0.0044
tai256c,-100.0000,0.0000,0.0037
tai256c,-100.0000,0.0078,0.0039
tai256c,-100.0000,0.0000,0.0040
tai256c,-100.0000,0.0000,0.0036
tai256c,-100.0000,0.0039,0.0041
tai256c,-100.0000,0.0039,0.0040
tai256c,-100.0000,0.0000,0.0041
tai256c,-100.0000,0.0039,0.0037
tai256c,-100.0000,0.0000,0.0035
tai256c,-100.0000,0.0078,0.0044
tai256c,-100.0000,0.0039,0.0037
